Title,Published by,Product code,Published date,Content,Price
Re-Refined Base Oil Market - Global Outlook & Forecast 2022-2027,Arizton Advisory & Intelligence,1069856,"April 14, 2022",294 Pages,USD 3750
Poly Alpha Olefin (PAO) Market - Global Outlook & Forecast 2022-2027,Arizton Advisory & Intelligence,1069854,"April 14, 2022",222 Pages,USD 3750
Medical Device Packaging Market - Global Outlook & Forecast 2022-2027,Arizton Advisory & Intelligence,1069849,"April 14, 2022",299 Pages,USD 3750
Group II & III Base Oil Market - Global Outlook & Forecast 2022-2027,Arizton Advisory & Intelligence,1069847,"April 14, 2022",259 Pages,USD 3750
Garden Pesticides Market - Global Outlook & Forecast 2022-2027,Arizton Advisory & Intelligence,1069845,"April 14, 2022",287 Pages,USD 3500
Data Center Fire Detection and Suppression Market - Global Outlook & Forecast 2022-2027,Arizton Advisory & Intelligence,1069840,"April 14, 2022",379 Pages,USD 3750
Base Oil Market - Global Outlook & Forecast 2022-2027,Arizton Advisory & Intelligence,1069836,"April 14, 2022",268 Pages,USD 3750
Vietnam Short Fiber Thermoplastic (SFT) Market Research Report 2022,QYResearch,1069722,"April 14, 2022",80 Pages,USD 3400
Global Zinc Aluminum Magnesium Coated Steel Market Research Report 2022,QYResearch,1069718,"April 14, 2022",141 Pages,USD 2900
Global Polybutene-1(Resin) Market Research Report 2022,QYResearch,1069714,"April 14, 2022",107 Pages,USD 2900
"Global Paint Grade Zinc Dust Market Report, History and Forecast 2017-2029",QYResearch,1069713,"April 14, 2022",136 Pages,USD 3350
"Global Organoclay Market Report, History and Forecast 2017-2028",QYResearch,1069711,"April 14, 2022",149 Pages,USD 3350
"Global CPP Packaging Films Market Report, History and Forecast 2017-2028",QYResearch,1069701,"April 14, 2022",133 Pages,USD 3350
Africa and GCC Cocamidopropyl Betaine (CAPB) Market Report & Forecast 2022-2028,QYResearch,1069695,"April 14, 2022",109 Pages,USD 3900
Global High Purity Electronic Grade Phosphoric Acid Market Research Report 2022,QYResearch,1068652,"April 14, 2022",127 Pages,USD 2900
"Pine-Derived Chemicals Market by Type (TOFA, TOR, Gum Turpentine, Gum Rosin, Pitch, and Sterols), Application (Paints & Coatings, Adhesives & Sealants, Surfactants, and Printing Inks), Source, Process and Region - Global Forecast to 2027",MarketsandMarkets,1069885,"April 12, 2022",256 Pages,USD 4950
"Synthetic Paper Market by Raw Material (BOPP, HDPE, PET, and PVC), Application (Printing, Labels & Tags, Packaging), End-use Industry (Industrial, Institutional, and Commercial/Retail) and Geography - Global Forecast to 2027",MarketsandMarkets,1069884,"April 12, 2022",193 Pages,USD 4950
"Surface Disinfectant Market by Composition, Formulation, Application, End User - Global Forecast to 2029",Meticulous Market Research Pvt. Ltd.,1069367,"April 12, 2022",245 Pages,USD 4175
"Electrocoating Market by Type (Cathodic Epoxy, Cathodic Acrylic, Anodic), Application (Passenger Cars, Commercial Vehicles, Automotive Parts & Accessories, Heavy-Duty Equipment, Appliances) and Region - Global Forecast to 2026",MarketsandMarkets,1069883,"April 11, 2022",239 Pages,USD 4950
Global Stationary Emission Control Catalyst Market 2022-2026,TechNavio (Infiniti Research Ltd.),1069818,"April 11, 2022",120 Pages,USD 2500
Global Industrial and Institutional Cleaners Market 2022-2026,TechNavio (Infiniti Research Ltd.),1069814,"April 11, 2022",120 Pages,USD 2500
Global Polyurethane Composites Market 2022-2026,TechNavio (Infiniti Research Ltd.),1069809,"April 11, 2022",120 Pages,USD 2500
Global Ambient Food Packaging Market 2022-2026,TechNavio (Infiniti Research Ltd.),1069805,"April 11, 2022",120 Pages,USD 2500
Global Roofing Chemicals Market 2022-2026,TechNavio (Infiniti Research Ltd.),1069803,"April 11, 2022",120 Pages,USD 2500
"Global Benzene Market (Capacity, Supply & Demand): Insights & Forecast with Potential Impact of COVID-19 (2022-2026)",Koncept Analytics,1069189,"April 11, 2022",81 Pages,USD 1250
